Nom Producte,Dada Clau,Enllac Compra,Imatge,Valid,Tienda,Rating
Redragon K552 KUMARA Teclado Mecánico Gaming TKL,25% OFF con Cupón de la Tienda,https://s.click.aliexpress.com/deep_link.htm?aff_short_key=_c3Okr3z3&dl_target_url=https%3A//www.aliexpress.com/wholesale%3FSearchText%3DRedragon%2520K552%2520KUMARA%2520Teclado%2520Mec%25C3%25A1nico%2520Gaming%2520TKL,https://image.pollinations.ai/prompt/Redragon%20K552%20KUMARA%20Teclado%20Mec%C3%A1nico%20Gaming%20TKL%20product%2C%20clean%20white%20background%2C%20high%20tech%2C%204k?width=400&height=400&nologo=true&seed=486,Si,AliExpress,4.5
Logitech G PRO X SUPERLIGHT 2,15% Descompte,https://www.amazon.es/s?k=Logitech%20G%20PRO%20X%20SUPERLIGHT%202&tag=pretiumai-21,https://image.pollinations.ai/prompt/Logitech%20G%20PRO%20X%20SUPERLIGHT%202%20product%2C%20clean%20white%20background%2C%20high%20tech%2C%204k?width=400&height=400&nologo=true&seed=570,Si,Amazon,4.9
Sony WH-1000XM5,20% Descompte,https://www.amazon.es/s?k=Sony%20WH-1000XM5&tag=pretiumai-21,https://image.pollinations.ai/prompt/Sony%20WH-1000XM5%20product%2C%20clean%20white%20background%2C%20high%20tech%2C%204k?width=400&height=400&nologo=true&seed=610,Si,Amazon,4.9
Xiaomi Smart Band 8,18% Descompte,https://s.click.aliexpress.com/deep_link.htm?aff_short_key=_c3Okr3z3&dl_target_url=https%3A//www.aliexpress.com/wholesale%3FSearchText%3DXiaomi%2520Smart%2520Band%25208,https://image.pollinations.ai/prompt/Xiaomi%20Smart%20Band%208%20product%2C%20clean%20white%20background%2C%20high%20tech%2C%204k?width=400&height=400&nologo=true&seed=271,Si,AliExpress,4.9
Mochila Impermeable Antirrobo USB  Portátil 15.6,40% OFF,https://s.click.aliexpress.com/deep_link.htm?aff_short_key=_c3Okr3z3&dl_target_url=https%3A//www.aliexpress.com/wholesale%3FSearchText%3DMochila%2520Impermeable%2520Antirrobo%2520USB%2520%2520Port%25C3%25A1til%252015.6,https://image.pollinations.ai/prompt/Mochila%20Impermeable%20Antirrobo%20USB%20%20Port%C3%A1til%2015.6%20product%2C%20clean%20white%20background%2C%20high%20tech%2C%204k?width=400&height=400&nologo=true&seed=853,Si,AliExpress,4.8
Brazo  Monitor Ergonómico con Resorte  Gas,25% de Descuento,https://s.click.aliexpress.com/deep_link.htm?aff_short_key=_c3Okr3z3&dl_target_url=https%3A//www.aliexpress.com/wholesale%3FSearchText%3DBrazo%2520%2520Monitor%2520Ergon%25C3%25B3mico%2520con%2520Resorte%2520%2520Gas,https://image.pollinations.ai/prompt/Brazo%20%20Monitor%20Ergon%C3%B3mico%20con%20Resorte%20%20Gas%20product%2C%20clean%20white%20background%2C%20high%20tech%2C%204k?width=400&height=400&nologo=true&seed=811,Si,AliExpress,4.9
Govee Tiras LED Neon Flex RGBIC,25% de Descompte,https://www.amazon.es/s?k=Govee%20Tiras%20LED%20Neon%20Flex%20RGBIC&tag=pretiumai-21,https://image.pollinations.ai/prompt/Govee%20Tiras%20LED%20Neon%20Flex%20RGBIC%20product%2C%20clean%20white%20background%2C%20high%20tech%2C%204k?width=400&height=400&nologo=true&seed=8,Si,Amazon,4.8
UGREEN Nexode Cargador GaN 65W USB C,50% Descuento + Envío Gratis,https://s.click.aliexpress.com/deep_link.htm?aff_short_key=_c3Okr3z3&dl_target_url=https%3A//www.aliexpress.com/wholesale%3FSearchText%3DUGREEN%2520Nexode%2520Cargador%2520GaN%252065W%2520USB%2520C,https://image.pollinations.ai/prompt/UGREEN%20Nexode%20Cargador%20GaN%2065W%20USB%20C%20product%2C%20clean%20white%20background%2C%20high%20tech%2C%204k?width=400&height=400&nologo=true&seed=255,Si,AliExpress,4.5
Fire HD 10,25% Descompte,https://www.amazon.es/s?k=Fire%20HD%2010&tag=pretiumai-21,https://image.pollinations.ai/prompt/Fire%20HD%2010%20product%2C%20clean%20white%20background%2C%20high%20tech%2C%204k?width=400&height=400&nologo=true&seed=991,Si,Amazon,4.8
Anker Soundcore Mini 3 Altavoz Bluetooth,20% Descuento,https://s.click.aliexpress.com/deep_link.htm?aff_short_key=_c3Okr3z3&dl_target_url=https%3A//www.aliexpress.com/wholesale%3FSearchText%3DAnker%2520Soundcore%2520Mini%25203%2520Altavoz%2520Bluetooth,https://image.pollinations.ai/prompt/Anker%20Soundcore%20Mini%203%20Altavoz%20Bluetooth%20product%2C%20clean%20white%20background%2C%20high%20tech%2C%204k?width=400&height=400&nologo=true&seed=358,Si,AliExpress,4.6
GTPLAYER Silla Gaming Ergonómica con Reposapiés,15% Descuento con Cupón,https://www.amazon.es/s?k=GTPLAYER%20Silla%20Gaming%20Ergon%C3%B3mica%20con%20Reposapi%C3%A9s&tag=pretiumai-21,https://image.pollinations.ai/prompt/GTPLAYER%20Silla%20Gaming%20Ergon%C3%B3mica%20con%20Reposapi%C3%A9s%20product%2C%20clean%20white%20background%2C%20high%20tech%2C%204k?width=400&height=400&nologo=true&seed=643,Si,Amazon,4.7
Elgato Facecam,15% Descompte,https://www.amazon.es/s?k=Elgato%20Facecam&tag=pretiumai-21,https://image.pollinations.ai/prompt/Elgato%20Facecam%20product%2C%20clean%20white%20background%2C%20high%20tech%2C%204k?width=400&height=400&nologo=true&seed=303,Si,Amazon,4.9
Blue Yeti - Micrófono USB  streaming y podcasting,20% de Descuento,https://www.amazon.es/s?k=Blue%20Yeti%20-%20Micr%C3%B3fono%20USB%20%20streaming%20y%20podcasting&tag=pretiumai-21,https://image.pollinations.ai/prompt/Blue%20Yeti%20-%20Micr%C3%B3fono%20USB%20%20streaming%20y%20podcasting%20product%2C%20clean%20white%20background%2C%20high%20tech%2C%204k?width=400&height=400&nologo=true&seed=670,Si,Amazon,4.8
KODAK X130 PRO SSD Externo Portátil 1TB,30% Descompte,https://s.click.aliexpress.com/deep_link.htm?aff_short_key=_c3Okr3z3&dl_target_url=https%3A//www.aliexpress.com/wholesale%3FSearchText%3DKODAK%2520X130%2520PRO%2520SSD%2520Externo%2520Port%25C3%25A1til%25201TB,https://image.pollinations.ai/prompt/KODAK%20X130%20PRO%20SSD%20Externo%20Port%C3%A1til%201TB%20product%2C%20clean%20white%20background%2C%20high%20tech%2C%204k?width=400&height=400&nologo=true&seed=232,Si,AliExpress,4.6
Funda Teclado Magnético con Trackpad  iPad Air 5,25% Descuento + Envío Gratuito,https://s.click.aliexpress.com/deep_link.htm?aff_short_key=_c3Okr3z3&dl_target_url=https%3A//www.aliexpress.com/wholesale%3FSearchText%3DFunda%2520Teclado%2520Magn%25C3%25A9tico%2520con%2520Trackpad%2520%2520iPad%2520Air%25205,https://image.pollinations.ai/prompt/Funda%20Teclado%20Magn%C3%A9tico%20con%20Trackpad%20%20iPad%20Air%205%20product%2C%20clean%20white%20background%2C%20high%20tech%2C%204k?width=400&height=400&nologo=true&seed=393,Si,AliExpress,4.9
Proyector Portátil Mini LED Android 11,25% Descompte,https://s.click.aliexpress.com/deep_link.htm?aff_short_key=_c3Okr3z3&dl_target_url=https%3A//www.aliexpress.com/wholesale%3FSearchText%3DProyector%2520Port%25C3%25A1til%2520Mini%2520LED%2520Android%252011,https://image.pollinations.ai/prompt/Proyector%20Port%C3%A1til%20Mini%20LED%20Android%2011%20product%2C%20clean%20white%20background%2C%20high%20tech%2C%204k?width=400&height=400&nologo=true&seed=119,Si,AliExpress,4.9
Xiaomi Smart Band 8,25% Descompte,https://s.click.aliexpress.com/deep_link.htm?aff_short_key=_c3Okr3z3&dl_target_url=https%3A//www.aliexpress.com/wholesale%3FSearchText%3DXiaomi%2520Smart%2520Band%25208,https://image.pollinations.ai/prompt/Xiaomi%20Smart%20Band%208%20product%2C%20clean%20white%20background%2C%20high%20tech%2C%204k?width=400&height=400&nologo=true&seed=33,Si,AliExpress,4.6
GORE WEAR C3 Conjunto Maillot y Culotte Ciclismo Hombre,15% Descompte,https://www.amazon.es/s?k=GORE%20WEAR%20C3%20Conjunto%20Maillot%20y%20Culotte%20Ciclismo%20Hombre&tag=pretiumai-21,https://image.pollinations.ai/prompt/GORE%20WEAR%20C3%20Conjunto%20Maillot%20y%20Culotte%20Ciclismo%20Hombre%20product%2C%20clean%20white%20background%2C%20high%20tech%2C%204k?width=400&height=400&nologo=true&seed=518,Si,Amazon,4.6
Bicicleta Eléctrica MTB Gravel XTR 29,25% Descompte,https://s.click.aliexpress.com/deep_link.htm?aff_short_key=_c3Okr3z3&dl_target_url=https%3A//www.aliexpress.com/wholesale%3FSearchText%3DBicicleta%2520El%25C3%25A9ctrica%2520MTB%2520Gravel%2520XTR%252029,https://image.pollinations.ai/prompt/Bicicleta%20El%C3%A9ctrica%20MTB%20Gravel%20XTR%2029%20product%2C%20clean%20white%20background%2C%20high%20tech%2C%204k?width=400&height=400&nologo=true&seed=912,Si,AliExpress,4.8
Synology DiskStation DS224+,10% Descompte,https://www.amazon.es/s?k=Synology%20DiskStation%20DS224%2B&tag=pretiumai-21,https://image.pollinations.ai/prompt/Synology%20DiskStation%20DS224%2B%20product%2C%20clean%20white%20background%2C%20high%20tech%2C%204k?width=400&height=400&nologo=true&seed=414,Si,Amazon,4.6
"juguete_madera: Juego de bloques de construcción de madera Montessori para niños, juguete de equilibrio de animales apilables, rompecabezas, regalo educativo","50% OFF""",https://s.click.aliexpress.com/deep_link.htm?aff_short_key=_c3Okr3z3&dl_target_url=https%3A//www.aliexpress.com/wholesale%3FSearchText%3Djuguete_madera%253A%2520Juego%2520de%2520bloques%2520de%2520construcci%25C3%25B3n%2520de%2520madera%2520Montessori%2520para%2520ni%25C3%25B1os%252C%2520juguete%2520de%2520equilibrio%2520de%2520animales%2520apilables%252C%2520rompecabezas%252C%2520regalo%2520educativo,https://image.pollinations.ai/prompt/juguete_madera%3A%20Juego%20de%20bloques%20de%20construcci%C3%B3n%20de%20madera%20Montessori%20para%20ni%C3%B1os%2C%20juguete%20de%20equilibrio%20de%20animales%20apilables%2C%20rompecabezas%2C%20regalo%20educativo?width=400&height=400&nologo=true,Si,AliExpress,4.8
product: Teclado mecánico Redragon K552 Kumara RGB,"30% OFF""",https://s.click.aliexpress.com/deep_link.htm?aff_short_key=_c3Okr3z3&dl_target_url=https%3A//www.aliexpress.com/wholesale%3FSearchText%3Dproduct%253A%2520Teclado%2520mec%25C3%25A1nico%2520Redragon%2520K552%2520Kumara%2520RGB,https://image.pollinations.ai/prompt/product%3A%20Teclado%20mec%C3%A1nico%20Redragon%20K552%20Kumara%20RGB?width=400&height=400&nologo=true,Si,AliExpress,4.8
producto: Logitech G PRO X Superlight 2 LIGHTSPEED Ratón Inalámbrico Gaming,"24% OFF""",https://www.amazon.es/s?k=producto%3A%20Logitech%20G%20PRO%20X%20Superlight%202%20LIGHTSPEED%20Rat%C3%B3n%20Inal%C3%A1mbrico%20Gaming&tag=pretiumai-21,https://image.pollinations.ai/prompt/producto%3A%20Logitech%20G%20PRO%20X%20Superlight%202%20LIGHTSPEED%20Rat%C3%B3n%20Inal%C3%A1mbrico%20Gaming?width=400&height=400&nologo=true,Si,Amazon,4.8
